model,accuracy,roc_auc,precision,recall,f1
RandomForestClassifier,0.9885416666666667,0.952449498871116,0.9777777777777777,0.9072164948453608,0.9411764705882353
LogisticRegression,0.9677083333333333,0.8676577749638638,0.9230769230769231,0.7422680412371134,0.8228571428571428
DecisionTreeClassifier,0.9791666666666666,0.9060577462937964,0.9753086419753086,0.8144329896907216,0.8876404494382022
KNeighborsClassifier,0.9510416666666667,0.7943340779586913,0.8787878787878788,0.5979381443298969,0.7116564417177913
GradientBoostingClassifier,0.98125,0.948393878940641,0.9072164948453608,0.9072164948453608,0.9072164948453608
