model,accuracy,precision,recall,roc_auc,f1
RandomForestClassifier,0.981,0.9294117647058824,0.8586956521739131,0.9260438613292473,0.8926553672316385
LogisticRegression,0.958,0.8125,0.7065217391304348,0.8450009576709443,0.7558139534883721
DecisionTreeClassifier,0.977,0.896551724137931,0.8478260869565217,0.918957096341697,0.8715083798882682
KNeighborsClassifier,0.965,0.8701298701298701,0.7282608695652174,0.8586238268530932,0.7928994082840236
GradientBoostingClassifier,0.979,0.9080459770114943,0.8586956521739131,0.9249425397433443,0.88268156424581
