model,accuracy,precision,recall,roc_auc,f1
CatBoostClassifier,0.981,0.9529411764705882,0.84375,0.919662610619469,0.8950276243093922
RandomForestClassifier,0.98,0.9523809523809523,0.8333333333333334,0.9144542772861358,0.888888888888889
LogisticRegression,0.968,0.872093023255814,0.78125,0.8845409292035398,0.8241758241758241
DecisionTreeClassifier,0.98,0.9418604651162791,0.84375,0.9191095132743362,0.8901098901098902
KNeighborsClassifier,0.94,0.6875,0.6875,0.8271570796460177,0.6875
GradientBoostingClassifier,0.979,0.9411764705882353,0.8333333333333334,0.9139011799410031,0.8839779005524863
