model,accuracy,precision,recall,roc_auc,f1
CatBoostClassifier,0.983,0.9540229885057471,0.8645833333333334,0.9300792772861358,0.907103825136612
