model,accuracy,precision,recall,roc_auc,f1
RandomForestClassifier,0.983,0.967741935483871,0.8653846153846154,0.9310182005494506,0.9137055837563453
LogisticRegression,0.964,0.8541666666666666,0.7884615384615384,0.8864182692307692,0.8200000000000001
DecisionTreeClassifier,0.978,0.9767441860465116,0.8076923076923077,0.9027300824175823,0.8842105263157894
KNeighborsClassifier,0.955,0.927536231884058,0.6153846153846154,0.8049021291208792,0.7398843930635838
GradientBoostingClassifier,0.982,0.9479166666666666,0.875,0.9347098214285715,0.91
