model,accuracy,precision,recall,roc_auc,f1
CatBoostClassifier,0.982,0.9534883720930233,0.8541666666666666,0.9248709439528022,0.9010989010989011
