model,accuracy,precision,recall,roc_auc,f1
DecisionTreeClassifier,0.979,0.9775280898876404,0.8207547169811321,0.9092587902579039,0.8923076923076922
