model,accuracy,precision,recall,roc_auc,f1
RandomForestClassifier,0.987,0.9818181818181818,0.907563025210084,0.9526464388252462,0.9432314410480349
LogisticRegression,0.953,0.9285714285714286,0.6554621848739496,0.8243258710975877,0.7684729064039408
DecisionTreeClassifier,0.982,0.963302752293578,0.8823529411764706,0.9389063230286439,0.9210526315789473
KNeighborsClassifier,0.961,0.9166666666666666,0.7394957983193278,0.8652076040404811,0.8186046511627908
GradientBoostingClassifier,0.979,0.9375,0.8823529411764706,0.9372037123589504,0.9090909090909091
