model,accuracy,precision,recall,roc_auc,f1
CatBoostClassifier,0.982,0.9534883720930233,0.8541666666666666,0.9248709439528022,0.9010989010989011
RandomForestClassifier,0.98,0.9523809523809523,0.8333333333333334,0.9144542772861358,0.888888888888889
DecisionTreeClassifier,0.98,0.9418604651162791,0.84375,0.9191095132743362,0.8901098901098902
GradientBoostingClassifier,0.979,0.9411764705882353,0.8333333333333334,0.9139011799410031,0.8839779005524863
